{
	"Elements": [{
		"elementType": "Line",
		"Station": 0,
		"Length": 137200,
		"StartX": 4056251733.0988836,
		"StartY": 178408590.91706985,
		"Bearing": 0.93
	}]
}